{"cameraMode":{"drawMode":0,"name":"Shaded","section":"Shading Mode"},"sceneLighting":true,"audioPlay":false,"sceneViewState":{"m_AlwaysRefresh":false,"showFog":true,"showSkybox":true,"showFlares":true,"showImageEffects":true,"showParticleSystems":true,"showVisualEffectGraphs":true,"m_FxEnabled":true},"in2DMode":false,"pivot":{"x":1.5630571842193604,"y":-90.08023071289063,"z":72.58554077148438},"rotation":{"x":0.39144301414489748,"y":0.020692234858870508,"z":-0.008820373564958573,"w":0.9199186563491821},"size":81.75688934326172,"orthographic":false}